"CONSTITUCION DE EMPRESA    https://drive.google.com/drive/folders/16f-Z5ae3AEgGK44OEmPGxgsPyog8nolm","https://drive.google.com/drive/folders/16f-Z5ae3AEgGK44OEmPGxgsPyog8nolm"
"IOT CHILE"
"CENTRO DE MANDO KITTYPAW"
"PENDIENTES"
"Mis redes Sociales"
"EN PROGRESO"
"PPT DIPLOMADO KITTYPAW"
"    "
"TERMINADO"
"SERCOTEC​ Dirección:  Av. Larraín 5862, Piso 12, La Reina. Teléfonos: +(56) 9 9396 9578 Correo: centro.nunoa@centossercotec.cl  Atención: Lunes a Viernes de 9:00 – 18:00 hrs. "
"Bases https://drive.google.com/drive/folders/1DkCbd0qfWGfwIPqbKxQGxoNxU3Qy_I9P?usp=drive_link","https://drive.google.com/drive/folders/1DkCbd0qfWGfwIPqbKxQGxoNxU3Qy_I9P?usp=drive_link"
"IMPORTANTE 8 DE JULIO!"
"https://www.corfo.cl/sites/cpp/convocatorias/movil/innova-region-cdpr-metropolitano-2025;jsessionid=Z3WecEOGdEKbARIjnpq8eZSPIWShkfrCT_fWdFhjKY86o8DL9JSn!2111287002!-833481622","https://www.corfo.cl/sites/cpp/convocatorias/movil/innova-region-cdpr-metropolitano-2025;jsessionid=Z3WecEOGdEKbARIjnpq8eZSPIWShkfrCT_fWdFhjKY86o8DL9JSn!2111287002!-833481622"
"Inversionistas o Fondos de Innovación Tecnológica"
"https://www.prochile.gob.cl/","https://www.prochile.gob.cl/"
"https://chiletec.org/","https://chiletec.org/"
"Actividades clave ¿Cuáles son los pasos clave para avanzar hacia tus clientes?"
"Socios clave ¿Cuáles son tus socios clave para conseguir una ventaja competitiva?"
"Propuestas clave ¿Cómo mejorarás las vidas tus clientes'?"
"Segmentos de clientes ¿Quiénes son tus clientes? Describe a tu público objetivo en un par de palabras."
"Relaciones con los clientes ¿Con qué frecuencia vas a interactuar con tus clientes?"
"https://startupchile.org/","https://startupchile.org/"
"Automatizada y Continua (día a día)   "
"Soporte Personalizado (según necesidad)   "
"Actualizaciones Frecuentes (mensuales o bimensuales)   "
"Inversionistas o Fondos de Innovación Tecnológica",,,"https://miro.com/app/board/uXjVI-oKwLk=/?moveToWidget=3458764628921596224&amp;cot=14"
"Desarrollo y Optimización del Dispositivo IoT"
"Implementación de la Plataforma Web y App Móvil"
"Integración de la Inteligencia Artificial   "
"Captación y Soporte a Usuarios Tempranos (prototipo)   "
"Monitoreo Inteligente y en Tiempo Real   "
"Detección Temprana de Problemas de Salud   "
"Dueños de mascotas preocupados por su bienestar   "
"Amantes de la tecnología (""pet lovers tech-savvy"")   "
"Feedback y Comunidad (periódicamente)   "
"Educación y Fidelización (continuo)   "
"Proveedores de Servicios Cloud (AWS)"
"Desarrolladores de Software y UX/UI"
"Fabricantes de Hardware y Sensores"
"Control y Gestión de Alimentación   "
"Recomendaciones Personalizadas   "
"Alianzas Estratégicas   "
"Campañas de Marketing y Concientización   "
"Escalabilidad y Automatización     "
"Veterinarios y clínicas veterinarias   "
"Pet parents primerizos   "
"Universidades o Centros de Investigación en Veterinaria y Tecnología"
"Aliados en Distribución Veterinaria y Pet-Tech"
"Conexión Emocional y Tranquilidad   "
"Accesible desde Múltiples Dispositivos   "
"Recursos clave ¿Qué recursos necesitas para que tu idea funcione?"
"Canales ¿Cómo vas a llegar a tus clientes?"
"Personas con mascotas enfermas o en dieta controlada     "
"Canales Digitales Directos (Web, App, RRSS)   "
"Marketplaces Mercado Libre, Amazon y Falabella Marketplace"
"Alianzas con clínicas veterinarias y tiendas de mascotas   "
"Recursos Tecnológicos   "
"Recursos Humanos   "
"Conocimiento y Datos   "
"Aprender más sobre futuras oportunidades"
"Ferias, expos y eventos del rubro pet/tech   "
"Correo electrónico y newsletters     "
"Capital y Financiamiento "
"Red de Socios y Distribución   "
"Propiedad intelectual y licencias   "
"Flujos de ingresos ¿Cuánto planeas ganar en un periodo determinado? Compara tus costos e ingresos."
"Estructura de costos ¿Cuánto tienes previsto gastar en el desarrollo del producto y en marketing durante un periodo determinado?"
"IR A COSTOS !",,,"https://miro.com/app/board/uXjVI-oKwLk=/?moveToWidget=3458764628920147130&amp;cot=14"
"🔹 Suscripción mensual a la app premium (IA + reportes + soporte)   "
"🔹 Ingresos adicionales:   "
"1. Modelo de ingresos mixto: producto + suscripción"
"🔹 Venta de dispositivos inteligentes     "
"IR A INGRESOS!",,,"https://miro.com/app/board/uXjVI-oKwLk=/?moveToWidget=3458764628920147621&amp;cot=14"
Registro de Marca en Chile - Asegura y protege tu Marca,https://www.registrodemarcaschile.cl/?gad_source=1&gad_campaignid=21872957444&gbraid=0AAAAA-cshCHyCB2xpW-EwWL1RMFz9jatE&gclid=CjwKCAjwruXBBhArEiwACBRtHZf0434z6hA_9sHbSlEN6eqCWYq2MVhTormufaqQQw7nBmpzN4nEChoCzVIQAvD_BwE
Tu empresa en un día - Registro electrónico de empresas y sociedades,https://www.registrodeempresasysociedades.cl/Constituir/
" Documentos que vas a necesitar Copia autorizada de la escritura. Inscripción en el Registro de Comercio. Publicación en el Diario Oficial. RUT de la empresa. Cédulas de identidad de los socios o representantes. Contrato de arriendo o título de propiedad si tienes local. "
"1. Redactar la escritura de constitución Debes redactar la escritura pública que incluya: Nombre de la sociedad (razón social, debe incluir “SpA”). Objeto social (actividad o actividades que desarrollará). Capital social y cómo será aportado. Número de acciones y su distribución. Domicilio de la empresa. Duración (puede ser indefinida). Administración (gerente o directorio). Facultades del representante legal. Otros pactos si los socios lo desean. "
"2. Firmar la escritura ante notario Los socios deben firmar el documento ante notario, quien lo protocoliza. La notaría entrega una copia autorizada de la escritura para los pasos siguientes."
"3. Inscribir la sociedad en el Registro de Comercio Debes inscribir la escritura en el Registro de Comercio del Conservador de Bienes Raíces correspondiente al domicilio de la empresa. Tienes 60 días desde la firma de la escritura para hacerlo. El Conservador entregará una inscripción con un número y fecha oficial. "
"4. Publicar en el Diario Oficial Debes publicar un extracto de la escritura (que también emite el notario) en el Diario Oficial. Debe hacerse dentro de los 60 días desde la firma de la escritura. Puedes hacerlo presencialmente o por internet en www.diariooficial.interior.gob.cl. "
"5. Obtener RUT e iniciar actividades en el SII Luego de tener la inscripción y publicación: Dirígete al SII (Servicio de Impuestos Internos) o hazlo en línea en www.sii.cl. Solicita el RUT de la empresa. Realiza la iniciación de actividades. Declara el domicilio tributario y actividad económica. Si corresponde, habilita emisión de boletas o facturas electrónicas. ","https://www.sii.cl"
"6. Apertura de cuenta bancaria (opcional pero recomendable) Con el RUT y la escritura, puedes abrir una cuenta corriente para empresa en un banco. Esto es importante para operaciones formales, pagos y solicitudes de crédito."
Inapi - Instituto Nacional de Propiedad Industrial,https://www.inapi.cl/
"7-Pagar aspectos legales intems de formacion como empresa y registro de marca con semilla !"
"Que no entrene esos modelos !"
"Se cayó internet !!"
"ERROR "
"IMAGENES HUMANO  MODIFICADAS"
Google Drive: Sign-in,https://drive.google.com/drive/folders/1-5cYvO_xK_o5N5rhk9Tr4xEDneEgZh8k
"Modelo CNN con Dropout"
"Modelo Denso"
"Modelo CNN"
"Modelo Denso"
"Modelo CNN"
"Modelo CNN con Dropout"
"IMAGENES HUMANO  ORIGINALES"
data_face_human - Google Drive,https://drive.google.com/drive/folders/1IVitzyj1ms-BM2fYaCEM45IcTJJ38zKN
"CODIGO    PERROS / GATOS / HUMANOS /"
"Base de Datos"
"Modificación de imágenes y aumento de data"
"Separación data en Train y Test"
"Definir las Redes Neuronales"
"Compilar los Modelos"
"Entrenar los Modelos y Registrar en TensorBoard"
"Evaluar los modelos en el conjunto de validación"
"¿Cual es el mejor? ¿Por que es el mejor?"
"Guardar formato  tensorflow"
"Preparar y Exportar el Modelo para TensorFlow.js"
Dispositivo
"Componente","Descripción / Modelo","Costo","Precio Unitario (USD/CLP)","Subtotal","Link","Categoria Costo","Prioridad"
"Sensor humedad/temp","BME280","","","","","Dispositivo",""
"Sensor de peso","HX711 + celda 1kg","","","","","Dispositivo",""
"Sensor de luz","BH1750","","","","","Dispositivo",""
"Otros (cables, etc.)","Set protoboard, jumpers","","","","","Dispositivo",""
"Microcontrolador ESP32","ESP32 DevKitC","","","","","Dispositivo",""
"Fuente de energía","5V Adaptador USB","","","","","Dispositivo",""
"Cámara","ESP32-CAM","","","","","Dispositivo",""
"Carcasa prototipo","Impresión 3D PLA","","","","","Dispositivo",""
"","","","","","","",""
"","","","","","","",""
"","","","","","","",""
"","","","","","","",""
"","","","","","","",""
"Exporta MODELO.JS y otros 2 archivos .bin (pesos) importante para web HTML"
"Modelo Denso"
Google Colab,https://colab.research.google.com/drive/1ZUbzjKWqpISGMpu93GwexrYPhm83ScIn
"Verificar cuanto es el aumento de dato porque no es el doble !"
"KERAS"
"Modelo CNN"
"H5"
"Modelo CNN con Dropout"
App, Softwares y Servicios IA
"Componente","Descripción / Modelo","Costo","Precio Unitario (USD/CLP)","Subtotal","Link","Categoria Costo","Prioridad"
"Hosting Web","AWS EC2 + S3","","","","","App, Softwares y Servicios IA",""
"Dominio .com","kittypaw.com","","","","","App, Softwares y Servicios IA",""
"Certificado SSL","Let's Encrypt (gratis)","","","","","App, Softwares y Servicios IA",""
"API WhatsApp","Meta API / Twilio","","","","","App, Softwares y Servicios IA",""
"Base de Datos","PostgreSQL / AWS RDS","","","","","App, Softwares y Servicios IA",""
"Plataforma Analytics","Grafana Cloud / InfluxDB","","","","","App, Softwares y Servicios IA",""
"","","","","","","App, Softwares y Servicios IA",""
"","","","","","","App, Softwares y Servicios IA",""
"","","","","","","",""
"","","","","","","",""
"","","","","","","",""
"","","","","","","",""
"¿Cómo funciona el modelo ?"
"Google Colab Reconocimiento_perros_gatos.ipynb",,,"https://colab.research.google.com/drive/1pYEKqXnuBX_z2sW7tlk7r2MDpFCoSWUb?authuser=0#scrollTo=Q-HmWoXq6fxT"
"cat (0): 11658  dog (1): 11604"
"Buscar Video de como crear mis propias bases de datos"
"Base de Datos Perros y Gatos 23.262 Fotos",,,"https://www.tensorflow.org/datasets/catalog/cats_vs_dogs?hl=es"
"¿Qué modelo de redes neuronales voy a entrenar?"
"EXPORTACION DE MODELO"
"SUBIR A UN HTML"
"Recursos"
"Reconocimiento Facial",,,"https://miro.com/app/board/uXjVI-oKwLk=/?moveToWidget=3458764629948968828&amp;cot=14"
Diseño y Desarrollo
"Componente","Descripción / Modelo","Costo","Precio Unitario (USD/CLP)","Subtotal","Link","Categoria Costo","Prioridad"
"Desarrollo backend Django","AWS EC2 + S3","","","","","Diseño y Desarrollo",""
"Desarrollo frontend	","kittypaw.com","","","","","Diseño y Desarrollo",""
"Diseño UI/UX	","Let's Encrypt (gratis)","","","","","Diseño y Desarrollo",""
"Diseño industrial (CAD)	","Meta API / Twilio","","","","","Diseño y Desarrollo",""
"Impresión de prototipos	","PostgreSQL / AWS RDS","","","","","Diseño y Desarrollo",""
"","Grafana Cloud / InfluxDB","","","","","Diseño y Desarrollo",""
"","","","","","","Diseño y Desarrollo",""
"","","","","","","Diseño y Desarrollo",""
"","","","","","","",""
"","","","","","","",""
"","","","","","","",""
"","","","","","","",""
Unsplash Image API | Free HD Photo API,https://unsplash.com/developers
The Cat API - Cat as a Service,https://thecatapi.com/
Dog API,https://dog.ceo/dog-api/
API - Pixabay,https://pixabay.com/service/about/api/
Reconocimiento de razas de perros mediante Deep Learning,https://ichi.pro/es/reconocimiento-de-razas-de-perros-mediante-deep-learning-14733716890723
"Red Neuronal   Arquitectura de Hiperparametros"
Kaggle: Your Machine Learning and Data Science Community,https://www.kaggle.com/
Idiot Developer,https://www.youtube.com/@IdiotDeveloper/videos
"Base de Datos"
Human Faces,https://www.kaggle.com/datasets/ashwingupta3012/human-faces/data
"Fotos del mismo tamaño"
"Tratamiento de imágenes. Para que la red aprenda mas rapido."
"Manejo de pixeles"
"https://drive.google.com/file/d/1XcNmGTUFHo12VZg0kSj1hrreWzD6Rbpr/view?usp=drive_link","https://drive.google.com/file/d/1XcNmGTUFHo12VZg0kSj1hrreWzD6Rbpr/view?usp=drive_link"
"Base de Datos ROSTROS HUMANOS"
"Escala de Grises"
"Se convierten los tensonres en un array de numpy"
Google Colab,https://colab.research.google.com/drive/18_3P3vD0iT5vcVb9v6iZatwiLEzO1iUZ#scrollTo=T2-M-4i7CZ2G
"Redes Neuronales 3 Modelos"
Google Colab,https://colab.research.google.com/drive/1pYEKqXnuBX_z2sW7tlk7r2MDpFCoSWUb?authuser=0#scrollTo=Q-HmWoXq6fxT
"El aumento de datos se refiere a la modificacion de las fotos tanto Rotacion Tamaño inclinacion zoom,en conjunto con su etiqueta"
" Data Visualización"
"Fotos Originales"
"Sin Aumento de Datos"
"Con Aumento de Datos"
"Fuentes Principales ""Titan One"" - sans-serif Uso: Títulos principales Peso: Bold (font-weight: bold) Tamaño: 40px Color: #EBB7AA ""Varela Round"" - sans-serif Uso: Subtítulos (h2) Estilo: Redondeada y amigable "
"Colores Prototipo #EBB7AA Contenido principal del prototipo Data #FF847C Información y datos Contacto #99B898 Formularios de contacto Login #ffffff Formularios de autenticación           Colores de Texto Gris Oscuro#2A363BTexto principal, navegación BlancowhiteTexto en botones   Colores de Interacción Coral Hover#ff6b61Estado hover de botones Gris Claro#dddBordes de inputs   Colores de Efectos Sombra Suavergba(0,0,0,.1)Sombra de navbar Sombra Contenedorrgba(0, 0, 0, 0.1)Sombra de login container"
Google Drive: Sign-in,https://drive.google.com/drive/folders/1X6jZFaVPD4R7j2kD1vWUt7uvmX9duGCl?usp=drive_link
"Fotos estilos de graficos y barras"
"Modelo  Denso"
"Modelo Red Neuronal Convolucional CNN"
"CNN2 dropout de 0,5"
"Modelo  Denso"
"Modelo Red Neuronal Convolucional CNN"
"CNN2 dropout de 0,5"
Javomauro/kittypaw_replit_ddbb · Datasets at Hugging Face,https://huggingface.co/datasets/Javomauro/kittypaw_replit_ddbb/viewer?views%5B%5D=train
"Chatbot",,,"https://miro.com/app/board/uXjVI-oKwLk=/?moveToWidget=3458764629949024349&amp;cot=14"
"ChatBot informes y alertas whatsapp de cliente"
"Sin camara los primeros prototipos. NFL "
"Reconocimiento Facial de Perros y Gatos",,,"https://miro.com/app/board/uXjVI-oKwLk=/?moveToWidget=3458764629949024349&amp;cot=14"
"Detector de información nutricional comida perro/gato"
"Gráfica de info nutricional"
"https://world.openfoodfacts.org/","https://world.openfoodfacts.org/"
"<p>En local , pip install datasets</p>","JavaScript","from datasets import load_dataset

# 1. Carga tu dataset desde el Hugging Face Hub
dataset = load_dataset(""Javomauro/kittypaw_replit_ddbb"")

# El split 'train' es el que contiene tus datos.
train_split = dataset['train']

# 2. Define una función para extraer los datos
def extract_data(example):
    # Accede directamente a las claves del diccionario 'data'
    return {
        'value': example['data']['value'],
        'unit': example['data']['unit'],
        'timestamp_data': example['data']['timestamp']
    }

# 3. Usa .map() para aplicar la función y crear nuevas columnas
# También eliminamos la columna 'data' original para limpiar el dataset.
processed_dataset = train_split.map(extract_data, remove_columns=['data'])

# Puedes ver las nuevas columnas
print(processed_dataset[0])

# Opcional: si quieres subir el dataset procesado
# processed_dataset.push_to_hub(""Javomauro/kittypaw_processed_data_flat"")"
"Bloque de código","JavaScript","from datasets import Dataset
import os

# Establece las variables de entorno para la conexión
# (Esto sigue siendo una buena práctica)
os.environ[""PGUSER""] = ""neondb_owner""
os.environ[""PGPASSWORD""] = ""npg_haLf64lsGvBr""
os.environ[""PGHOST""] = ""ep-royal-voice-a4nxjivp.us-east-1.aws.neon.tech""
os.environ[""PGDATABASE""] = ""neondb""
os.environ[""PGPORT""] = ""5432""

# Utiliza la URL de conexión que proporcionaste
database_url = ""postgresql://neondb_owner:npg_haLf64lsGvBr@ep-royal-voice-a4nxjivp.us-east-1.aws.neon.tech/neondb?sslmode=require""

# --- Aquí está el cambio clave ---
# Carga el dataset usando el método from_sql
# Asegúrate de reemplazar 'your_table_name' con el nombre real de tu tabla.
dataset = Dataset.from_sql(""SELECT * FROM sensor_data"", con=database_url)

# Sube el dataset a Hugging Face Hub
# Nota: solo necesitas el nombre del repositorio, sin la URL completa.
dataset.push_to_hub(""Javomauro/kittypaw_replit_ddbb"")

print(""Dataset cargado y subido a Hugging Face Hub."")"
"javomauro.contacto@gmail.com WZne~U&,J7B!$n7"
"token [SECRETO MOVIDO A .ENV]"
Hugging Face - The AI community building the future.,https://huggingface.co/
"ngrok JSB5VU97Q2 SBZUZQ2X4Z JZNJVUEK79 KW7R7ZUMW4 528SWKR7DE ERJZGZ3D4R VXDT4YU5Z2 DV8QQFCYCN GA4KHKGECM M3K35CWNM5"
"nic.chile correo: mauro.carcamo89@gmail.com pass:   cp&y3Gkx%hGZ99W "
"Características del hosting que veo: Plan ""FULL"" con recursos ilimitados Espacio de almacenamiento SSD ilimitado Sitios web ilimitados Cuentas de correo ilimitadas Bases de datos ilimitadas SSL gratuito Let's Encrypt Dominio .CL gratis por 1 año Compatibilidad con tu aplicación: ✅ Bases de datos: Tu aplicación usa PostgreSQL y el hosting ofrece bases de datos ilimitadas ✅ SSL: Necesario para la seguridad, incluido en el plan ✅ Espacio: Aplicación relativamente pequeña, no será problema ❓ Tecnologías específicas que necesitas verificar: Node.js: Tu aplicación usa Node.js/Express - necesitas confirmar si soportan Node.js WebSockets: Para la funcionalidad en tiempo real MQTT Variables de entorno: Para configurar DATABASE_URL y otras credenciales Recomendaciones: Contacta al proveedor para confirmar soporte de: Node.js (versión 18 o superior) WebSockets PostgreSQL como base de datos Alternativas más seguras para aplicaciones Node.js: Vercel (gratis, especializado en Node.js) Netlify (gratis, buen soporte para aplicaciones full-stack"
"Estilos graficos webapp"
"Premios y regalos. Recompensa constante"
Google Colab,https://colab.research.google.com/drive/1zieh49143QT1zon-Xak0cOuuK-oy-Qiy?authuser=0#scrollTo=U3NeLoLfmpVT
"CORREOS PARA PRUEBAS ",,,"https://docs.google.com/spreadsheets/d/1LqZa2Y22rLKzfX1QvedizW3ophuSuERJPWf0MbhSj1w/edit?gid=0#gid=0"
"Identificación"
"1 Nivel  Perro o Gato"
"DATABASE_URL= postgresql://neondb_owner:npg_haLf64lsGvBr@ep-royal-voice-a4nxjivp.us-east-1.aws.neon.tech/neondb?sslmode=require   PGDATABASE=neondb PGHOST=ep-royal-voice-a4nxjivp.us-east-1.aws.neon.tech PGPORT=5432 PGUSER=neondb_owner PGPASSWORD= npg_haLf64lsGvBr "
"Prueba"
KittyPawSensors,https://replit.com/@javomaurocontac/KittyPawSensors
Connect PostgreSQL to Google Sheets: Bi-Directional Sync,https://www.youtube.com/watch?v=RCvh_vfF4Gk
Google Drive: Sign-in,https://drive.google.com/drive/folders/1zjLiGWsxKFW_uUpldA5y1TJ3EVEOQ9Ij
"THINGS CERTIFICADOS"
"kittypaw-django"
replit-neon/kittypaw.v2,https://docs.google.com/spreadsheets/d/1u0o5YKunyMWYd5-Zuhcw3zDLP9xJumFr01P4dxvfRM4/edit?gid=0#gid=0
"Certificado Cliente     -----BEGIN CERTIFICATE----- MIIDWTCCAkGgAwIBAgIUUDovus8dYTgqobZvk9g5myjOiWEwDQYJKoZIhvcNAQEL BQAwTTFLMEkGA1UECwxCQW1hem9uIFdlYiBTZXJ2aWNlcyBPPUFtYXpvbi5jb20g SW5jLiBMPVNlYXR0bGUgU1Q9V2FzaGluZ3RvbiBDPVVTMB4XDTI1MDQwNDAyMTAx MloXDTQ5MTIzMTIzNTk1OVowHjEcMBoGA1UEAwwTQVdTIElvVCBDZXJ0aWZpY2F0 ZTCCASIwDQYJKoZIhvcNAQEBBQADggEPADCCAQoCggEBAM8Gq4vdTy/79PC4GJXU 3uEM2ocpLVghYmSlBgcTsegLDhG01JgB1TwFb4hT+m2s9Wo1pQvpR2Qez2bRbuHz 1RQTviCsEZcINWDfcxLWU+lyKAN0sGD9btGjFA8a5kxY8d7I7mHxCbl8pt+dd1qi 5Lxf+su79CtBwgjNlXFDhAVrlXrAxwZITnW4o7wyuYHQmgIVqwWOpSj93y6BTFrR XxdCGTs/wfMA5y872dNas53I2aFDknHVlrOKoq20mu21kZxcHo3Opn2K6aX7eY9F apFVbzD5CThcaQyWxM7kwC33PxsQ+Wp8uiqw6I7e1ktg5qndIK93BbLpd1/1WJpq i9UCAwEAAaNgMF4wHwYDVR0jBBgwFoAUZP9wZeT4A56LTyDSPPnypGnACRcwHQYD VR0OBBYEFI5LFIMFES+CTsvnSzuR/qTZo2WcMAwGA1UdEwEB/wQCMAAwDgYDVR0P AQH/BAQDAgeAMA0GCSqGSIb3DQEBCwUAA4IBAQCHZ9/AwXbQBB"
"Certificado CA (Autoridad Certificadora)  -----BEGIN CERTIFICATE----- MIIDQTCCAimgAwIBAgITBmyfz5m/jAo54vB4ikPmljZbyjANBgkqhkiG9w0BAQsF ADA5MQswCQYDVQQGEwJVUzEPMA0GA1UEChMGQW1hem9uMRkwFwYDVQQDExBBbWF6 b24gUm9vdCBDQSAxMB4XDTE1MDUyNjAwMDAwMFoXDTM4MDExNzAwMDAwMFowOTEL MAkGA1UEBhMCVVMxDzANBgNVBAoTBkFtYXpvbjEZMBcGA1UEAxMQQW1hem9uIFJv b3QgQ0EgMTCCASIwDQYJKoZIhvcNAQEBBQADggEPADCCAQoCggEBALJ4gHHKeNXj ca9HgFB0fW7Y14h29Jlo91ghYPl0hAEvrAIthtOgQ3pOsqTQNroBvo3bSMgHFzZM 9O6II8c+6zf1tRn4SWiw3te5djgdYZ6k/oI2peVKVuRF4fn9tBb6dNqcmzU5L/qw IFAGbHrQgLKm+a/sRxmPUDgH3KKHOVj4utWp+UhnMJbulHheb4mjUcAwhmahRWa6 VOujw5H5SNz/0egwLX0tdHA114gk957EWW67c4cX8jJGKLhD+rcdqsq08p8kDi1L 93FcXmn/6pUCyziKrlA4b9v7LWIbxcceVOF34GfID5yHI9Y/QCB/IIDEgEw+OyQm jgSubJrIqg0CAwEAAaNCMEAwDwYDVR0TAQH/BAUwAwEB/zAOBgNVHQ8BAf8EBAMC AYYwHQYDVR0OBBYEFIQYzIU07LwMlJQuCFmcx7IQTgoIMA0GCSqGSIb3DQEBCwUA A4IBAQCY8jdaQZChGsV2USggNiMOruYou6r4lK5IpDB/G/wkjUu0yKGX9rbxenDI U5PMCCjjmCXPI6T53iHTfIUJrU6adTrCC2qJeHZERxhlbI1Bjjt/msv0tadQ1wUs N+gDS63pYaACbvXy8MWy7Vu33PqUXHeeE6V/Uq2V8viTO96LXFvKWlJbYK8U90vv o/ufQJVtMVT8QtPHRh8jrdkPSHCa2XV4cdFyQzR1bldZw"
"Clave Privada -----BEGIN RSA PRIVATE KEY----- MIIEowIBAAKCAQEAzwari91PL/v08LgYldTe4QzahyktWCFiZKUGBxOx6AsOEbTU mAHVPAVviFP6baz1ajWlC+lHZB7PZtFu4fPVFBO+IKwRlwg1YN9zEtZT6XIoA3Sw YP1u0aMUDxrmTFjx3sjuYfEJuXym3513WqLkvF/6y7v0K0HCCM2VcUOEBWuVesDH BkhOdbijvDK5gdCaAhWrBY6lKP3fLoFMWtFfF0IZOz/B8wDnLzvZ01qzncjZoUOS cdWWs4qirbSa7bWRnFwejc6mfYrppft5j0VqkVVvMPkJOFxpDJbEzuTALfc/GxD5 any6KrDojt7WS2Dmqd0gr3cFsul3X/VYmmqL1QIDAQABAoIBAQCaaG8qMjYNo+5c W/J6Tfqt/9g9Vwjq4ntwdWS5gob+esBTlHu7pCJWUfeNxpTRmF6yiLBA4gzNL+2g 0jPRcvtJri/wTmYQL58gUYiSVCjhxLLzYOTschllYixj17xM1UoQz+x8QDrwjXgo 8FlE0Jmppix4KAdE/BasWilMAP9Gyk+Qgt7+761uxSMbgeK3ppmPX294CIHPMWs8 iIvUgtBqar8VD9qlULlP3Z4J2vIXcq7ZQq+FblonmbOvZIcwf7gEIUUjXCEgVW56 +sAj4zIGzYLZGCcuV/pahjkguQXFg0pXqkOhB3GEd7lMegsG3jyIuG8dLtCNT4Z5 +oWQLxABAoGBAOmWOkMfhlmdvx78/OpORHLXppQXH4LQTgFYhF5kprrnv8sARe+a E66F1mwENoUS4Z4UgYzkYTGBPD77SkPY9pd/8+04b6msNBxW9czcdJdOiH9RU6AU YWwIyjHAJ6lck3jIYg1mM40YvxEMjK7vvwYB08aD073ZERM0U6yMuLwVAoGBAOLk AomXEtbvrQCDBIvHURHZm0G2anlJliuGx6yy9+sXpvV9hCwRIwa3L7nblH234JRl XYDGiBb7kQhk8aNPXiWU28i7Ap6l+01Dvrlb5pTdEsXwxFSThMn4Jfd+bch5sMjy dcwH6jh857bOZCF8xHfKMyA8vkZyWwLVEF7SAcDBAoGAcwYXCpargdW8F3Zc1MRV 0HeA/8ujKLeKsf70r8bAk6krOLuZtLMangYp4GbysfTqRP"
"Última conexión por dispositivo"
Reporte Kittypaw Sensores,https://lookerstudio.google.com/u/0/reporting/a97ed15b-1989-4800-9b2b-02e439e2f41b/page/kFKUF
"WITH ultimos_registros AS (     SELECT          device_id,         sensor_type,         timestamp,         data,         ROW_NUMBER() OVER (PARTITION BY device_id, sensor_type ORDER BY timestamp DESC) as rn     FROM          sensor_data ) SELECT      d.device_id,     d.name as device_name,     d.type as device_type,     d.status as device_status,     ur.sensor_type,     ur.timestamp as last_reading_time,     ur.data as last_reading_data FROM      devices d LEFT JOIN      ultimos_registros ur ON d.device_id = ur.device_id AND ur.rn = 1 ORDER BY      d.device_id, ur.sensor_type;"
"kittywebmobile.v1@gmail.com   10b56d7b-edc5-d047-1fb2-3b32fe65e666"
"kittywebmobile.v1@gmail.com   10b56d7b-edc5-d047-1fb2-3b32fe65e666"
"Falla prompt , enviar prompt por parte, revisar correo y replit mas adelante "
"Lógica con Almacenamiento de Datos   La lógica con almacenamiento de datos sigue un flujo más completo:   1. El Nuevo Rol del Backend de Node.js   El backend de Node.js ahora tiene una doble función: 1. Retransmisión en Tiempo Real: Sigue enviando los datos a los clientes del frontend a través de WebSockets para que se muestren de forma instantánea.2. Persistencia de Datos: Al mismo tiempo, guarda cada lectura de sensor en la base de datos PostgreSQL.  ¿Por qué Node.js y no Django?   Node.js es ideal para esto debido a su naturaleza asíncrona. Puede recibir un dato de un sensor, enviarlo a los WebSockets y guardar el dato en la base de datos casi simultáneamente sin bloquear otras operaciones. Esto mantiene el rendimiento en tiempo real y asegura que no se pierda información.   2. El Rol del Backend de Django   Django mantendrá su rol original, pero ahora tiene una nueva responsabilidad: Consulta de Datos Históricos: El frontend ahora puede usar la API de Django para pedir datos históricos de los sensores. Por ejemplo, si el usuario quiere ver un gráfico con la temperatura de la última semana, el frontend no lo pedirá a Node.js (que solo maneja datos en vivo), sino a Django, que puede consultar la base de datos y devolver la información.  3. El Rol del Frontend   El frontend ahora tiene que comunicarse con ambos servidores para obtener una imagen completa: Datos en Vivo: Se suscribe a los WebSockets de Node.js para mostrar las lecturas de los sensores en tiempo real (por ejemplo, el valor actual en un widget).Datos Históricos: Hace peticiones a la API REST de Django para obtener datos que ya se han guardado (por ejemplo, para generar gráficos de tendencias diarias o semanales).  Resumen de la Nueva Lógica   Dispositivo IoT → Node.js: El dispositivo envía los datos al broker MQTT. El servidor de Node.js los recibe.Node.js → Base de Datos (PostgreSQL): El servidor de Node.js guarda la lectura en la tabla SensorData de PostgreSQL.Node.js → Frontend: Al mismo tiempo, Node.js envía la lectura a los clientes a través de un WebSocket.Frontend → Django: El frontend hace una petición a la API de Django (/api/sensor_data?petId=1&period=7d) para obtener los datos históricos cuando el usuario lo necesite.Django → Frontend: Django consulta la base de datos, procesa los datos y los envía al frontend para que se muestren en gráficos detallados."
"Prototipo 1"
"kitty_web_mobile_v1"
"Bloque de código","JavaScript","kitty_web_mobile/
├── frontend/           # Sin cambios en la estructura del frontend
│   ├── public/         
│   ├── src/
│   │   ├── components/
│   │   ├── hooks/
│   │   ├── pages/
│   │   └── App.tsx
│   ├── capacitor.config.json
│   └── package.json
├── backend/            # Backend híbrido con lógica de persistencia
│   ├── django_app/
│   │   ├── manage.py
│   │   ├── kitty_web_mobile/
│   │   ├── pet_sensors/
│   │   │   ├── models.py # La tabla SensorData se usará para guardar los datos
│   │   │   ├── views.py  # AHORA incluirá una API para datos históricos
│   │   │   └── consumers.py
│   │   └── daphne_server.py
│   ├── node_server/
│   │   ├── src/
│   │   │   ├── mqtt.ts       # Recibe datos MQTT y los envía a la DB y WebSockets
│   │   │   ├── storage.ts    # <--- NUEVO: Lógica para insertar datos en PostgreSQL
│   │   │   ├── api.ts
│   │   │   └── index.ts
│   │   └── package.json
│   └── .env
├── mobile/
│   ├── android/
│   └── build.gradle
└── README.md"
"Prototipo 2"
"FRONTEND"
"BACK"
"MOBILE"
"kitty_web_mobile_v2"
"Bloque de código","JavaScript","kitty_web_mobile/
├── frontend/
│   ├── public/         
│   ├── src/
│   │   ├── components/
│   │   │   ├── Button.tsx   # <-- Estilos del botón primario aquí
│   │   │   └── PetCard.tsx  # <-- Estilos de las cards aquí
│   │   ├── pages/
│   │   ├── hooks/
│   │   ├── styles/
│   │   │   └── global.css   # <-- Paleta de colores, tipografía, espaciado global
│   │   └── App.tsx
│   ├── tailwind.config.js    # <-- Si usas Tailwind, aquí se define la paleta y espaciado
│   └── package.json"
CODIGOS UUID Y QR,https://docs.google.com/spreadsheets/d/13fU32DJkBtJ7DRwipC9LdPzR6dYl3G1tzJ7tgLsA0dA/edit?gid=0#gid=0
"PUBLIC"
"SRC"
"En la estructura del proyecto kitty_web_mobile, el directorio public/ contendría los archivos estáticos que no necesitan ser procesados o compilados por tu aplicación de React. Estos archivos se copian directamente al directorio de destino (build/) cuando se compila la aplicación, y son accesibles desde la raíz del servidor.   Contenido del Directorio public/   Estos son los elementos clave que típicamente se encuentran en public/: index.html: Este es el archivo HTML principal de tu aplicación. Es el punto de entrada que React utiliza para ""inyectar"" todo el código de tu aplicación. Aunque la mayoría de las veces no lo modificas, es el esqueleto donde tu aplicación web y móvil cobra vida.Íconos y Favicon: Aquí van los archivos de íconos que representan tu aplicación, tanto en el navegador como en los dispositivos móviles.favicon.ico: El pequeño ícono que aparece en las pestañas del navegador.Imágenes de íconos para móviles: Archivos como apple-touch-icon.png o íconos de distintos tamaños para que la aplicación se vea bien en la pantalla de inicio de los dispositivos Android e iOS.Imágenes Estáticas: Cualquier imagen, logo o ilustración que no va a cambiar y que se usa en varias partes de la aplicación.Ejemplo: El logo de ""KittyPaw Sensors"", imágenes de fondo, o fotos de mascotas que se usan por defecto. Si una imagen no necesita ser optimizada o procesada por el empaquetador de React (como Webpack), este es el lugar para ella.Manifesto del Sitio (manifest.json): Este archivo es fundamental para convertir tu aplicación web en una Progresive Web App (PWA). Contiene metadatos como el nombre de la aplicación, el color del tema, los íconos de la pantalla de inicio y la URL de inicio. Capacitor lo utiliza como base para algunas de sus configuraciones.Otros Archivos Estáticos:robots.txt: Un archivo que le dice a los motores de búsqueda qué partes de tu sitio web deben o no ser indexadas.Archivos de verificación: Archivos de texto o HTML que los servicios como Google Search Console o otros servicios de terceros piden para verificar que eres el dueño del sitio."
"COMPONENTS"
"PAGES"
"desglose de las páginas que podrías incluir"
"Prompt -Frontend -Backend -Imagenes"
"LoginPage.tsx: La página de inicio de sesión. Función: Permite a los usuarios autenticarse para acceder a sus datos. Contenido: Un formulario con campos de usuario y contraseña que se conecta al backend de Django para la autenticación. "
"   Aquí tienes todas las especificaciones de diseño completas del proyecto KittyPaw Sensors: 🎨 Especificaciones de Diseño Visual Paleta de Colores Principal Colores Primarios Coral Principal: #F87A6D / #FF847C - Color principal del sistema Beige Rosado: #EBB7AA - Color secundario para elementos de soporte Verde Suave: #99B898 - Color para información y estados positivos Coral Claro: #FECEAB - Color para advertencias Rojo Suave: #E84A5F - Color para errores y estados críticos Colores de Fondo Fondo Principal: #FFFAF7 (blanco cálido) Fondo Alternativo: #ffffff (blanco puro) Fondo Degradado: from-orange-50 to-orange-100 Colores de Texto Texto Principal: #2A363B (gris oscuro) Texto Secundario: #6B7280 (gris medio) Texto en Contraste: #ffffff (blanco) Tipografía Fuentes Principales /* Fuente para títulos y elementos destacados */ font-family: 'Titan One', sans-serif;    /* Fuente para cuerpo de texto y elementos generales */ font-family: 'Varela Round', sans-serif;    /* Fuente alternativa del sistema */ font-family: 'Inter', system-ui, -apple-system, BlinkMacSystemFont, ""Segoe UI"", Roboto, ""Helvetica Neue"", Arial, sans-serif; Tamaños de Fuente Título Principal: 40px (clase .titulo) Títulos de Sección (h1, h2, h3): Escala jerárquica con Titan One Navegación: 20px (clase .nav-item) Texto General: 16px (tamaño base) Texto Pequeño: 14px Texto Muy Pequeño: 12px Pesos de Fuente Extra Light: 300 Regular: 400 Medium: 500 Bold: 700 Espaciado y Layout Sistema de Espaciado (Tailwind) xs: 0.25rem (4px) sm: 0.5rem (8px) base: 1rem (16px) lg: 1.5rem (24px) xl: 2rem (32px) 2xl: 2.5rem (40px) 3xl: 3rem (48px) Márgenes Específicos Secciones de Contenido: 30px margen inferior Padding de Secciones: 40px 20px Espaciado de Navbar: 70px padding-top en body Breakpoints Responsive sm: 640px y arriba md: 768px y arriba lg: 1024px y arriba xl: 1280px y arriba Bordes y Formas Radio de Bordes Pequeño: 4px Medio: 8px Grande: 10px Sistema Tailwind: --radius: Variable CSS personalizable calc(var(--radius) - 2px) para variaciones Sombras Sombra de Navbar: 0 2px 4px rgba(0,0,0,.1) Sombra de Cards: 0 4px 6px rgba(0, 0, 0, 0.1) Sombra en Hover: Elevación visual con translateY(-5px) Componentes Específicos Botones /* Botón Primario */ background-color: #FF847C; color: white; padding: 10px 20px; border-radius: 4px; font-size: 16px; transition: background-color 0.3s;    /* Hover */ background-color: #ff6b61; Cards /* Card Base */ background-color: #ffffff; border-radius: 10px; box-shadow: 0 4px 6 ",""
"DashboardPage.tsx: El panel de control principal. Función: Ofrece una visión general del estado del sistema y de todas las mascotas. Contenido: Muestra resúmenes de los datos de los sensores, el estado de los dispositivos (online/offline) y un acceso rápido a las mascotas principales. Sería la primera página que ve el usuario después de iniciar sesión. "
"PetsPage.tsx: La vista de gestión de mascotas. Función: Permite al usuario ver, agregar, editar y eliminar sus mascotas. Contenido: Una lista interactiva de las mascotas, probablemente usando un componente <PetCard>, con opciones para buscar y filtrar. "
Google Drive: Sign-in,https://drive.google.com/drive/folders/1_ncMwu8TUpvanG8tB7L1jvCQ9rs-wYZC?usp=drive_link
CODIGOS UUID Y QR,https://docs.google.com/spreadsheets/d/13fU32DJkBtJ7DRwipC9LdPzR6dYl3G1tzJ7tgLsA0dA/edit?gid=0#gid=0
"REPLIT DB   DATABASE_URL=  postgresql://neondb_owner:npg_haLf64lsGvBr@ep-royal-voice-a4nxjivp.us-east-1.aws.neon.tech/neondb?sslmode=require   PGDATABASE= neondb PGHOST=ep-royal-voice-a4nxjivp.us-east-1.aws.neon.tech PGPORT= 5432 PGUSER= neondb_owner PGPASSWORD= npg_haLf64lsGvBr"
alwaysdata, the European Cloud,https://www.alwaysdata.com/en/
"BASE DE DATOS"
"Almacenamiento gratis POSTGRESQL"
Supabase | The Postgres Development Platform.,https://supabase.com/
Neon Serverless Postgres - Ship faster,https://neon.com/
Create and Connect to Render Postgres,https://render.com/docs/postgresql-creating-connecting
"KITTYPAW APP"
"KITTYPAW DISPOSITIVO"
"BACKEND"
"NODE.JS"
"Broker MQTT"
"CAPACITOR"
"REACT"
"APK"
"MOBILE"
"FRONTEND"
"WEB"
"REACT"
"Identificación"
"Enseñar quien es Bandida  a Red Neuronal"
"1 Nivel  Perro o Gato"
